"","rent_count","year","month","day","day_of_week","season","temperature","humudity","holiday","wind_speed","visibility","dewpoint_temp","solar_radiation","rainfall","snowfall"
"1",9539,"2017","12","01","4","Winter",-1.1,37.5,"No Holiday",1.4,20000,-17.4,0,0,0
"2",8523,"2017","12","02","5","Winter",2.7,55.5,"No Holiday",1.6,14410,-5.55,0,0,0
"3",7222,"2017","12","03","6","Winter",4.35,84.5,"No Holiday",1.6,3380,2.65,0,4,0
"4",8729,"2017","12","04","0","Winter",-0.25,43.5,"No Holiday",3.6,19130,-12.95,0,0.1,0
"5",8307,"2017","12","05","1","Winter",-3.8,34.5,"No Holiday",0,20000,-17.7,0,0,0
"6",6669,"2017","12","06","2","Winter",1.15,76.5,"No Holiday",0.55,13965,-6.3,0,1.3,86
"7",8549,"2017","12","07","3","Winter",1.4,67,"No Holiday",1.85,7305,-2.5,0,0,104
"8",8032,"2017","12","08","4","Winter",-3.5,41,"No Holiday",1.55,19385,-15.5,0,0,0
"9",7233,"2017","12","09","5","Winter",-0.3,48,"No Holiday",0.9,19490,-10.8,0,0,0
"10",3453,"2017","12","10","6","Winter",0.35,64,"No Holiday",1.1,8880,-3,0,4.1,325
"11",5848,"2017","12","11","0","Winter",-5.75,38,"No Holiday",3.7,20000,-18,0,0,0
"12",5496,"2017","12","12","1","Winter",-9.35,45,"No Holiday",2.15,19890,-20,0,0,0
"13",6019,"2017","12","13","2","Winter",-9.05,39,"No Holiday",1.65,19795,-20.35,0,0,0
"14",6398,"2017","12","14","3","Winter",-5.85,44,"No Holiday",0.9,16495,-18.1,0,0,0
"15",7198,"2017","12","15","4","Winter",-2.7,50.5,"No Holiday",0.8,9675,-12.9,0,0,0
"16",4632,"2017","12","16","5","Winter",-5.25,41,"No Holiday",2.85,19730,-18.65,0,0,0
"17",3776,"2017","12","17","6","Winter",-7.05,40,"No Holiday",1.95,20000,-19.9,0,0,0
"18",2620,"2017","12","18","0","Winter",-2.35,81,"No Holiday",0.95,4645,-4.75,0,3.4,597
"19",4334,"2017","12","19","1","Winter",-3.65,55.5,"No Holiday",2.1,18125,-12.9,0,0,556
"20",4568,"2017","12","20","2","Winter",-3.7,67,"No Holiday",1.1,16920,-12.3,0,0.2,483
"21",5734,"2017","12","21","3","Winter",-1.2,76,"No Holiday",1.25,7145,-4.95,0,0,389
"22",7184,"2017","12","22","4","Winter",3.8,68,"Holiday",0.8,7975,-3.75,0,0,77
"23",6624,"2017","12","23","5","Winter",5.65,76.5,"No Holiday",1.1,2635,2,0,0,0
"24",2014,"2017","12","24","6","Winter",4.35,83,"Holiday",1.2,2335,2.1,0,20,0
"25",3966,"2017","12","25","0","Winter",-1.75,45,"Holiday",2.55,20000,-13.85,0,0,0
"26",5605,"2017","12","26","1","Winter",-2.65,37.5,"No Holiday",3.1,19975,-18.2,0,0,0
"27",5351,"2017","12","27","2","Winter",-6.6,33.5,"No Holiday",2.1,20000,-21.55,0,0,0
"28",6594,"2017","12","28","3","Winter",-1.45,40,"No Holiday",1.3,17745,-14.55,0,0,0
"29",7663,"2017","12","29","4","Winter",1.1,64.5,"No Holiday",0.9,4945,-3.25,0,0,0
"30",4027,"2017","12","30","5","Winter",1.6,81,"No Holiday",0.85,2485,-2.9,0,0.5,0
"31",3423,"2017","12","31","6","Winter",0.15,54.5,"Holiday",2.15,10945,-7.15,0,1.2,143
"32",4290,"2018","01","01","0","Winter",-1.45,40,"Holiday",1.1,19170,-13.5,0,0,0
"33",6446,"2018","01","02","1","Winter",-2,37.5,"No Holiday",1.95,17665,-13.7,0,0,0
"34",6512,"2018","01","03","2","Winter",-4.75,42.5,"No Holiday",2.2,19860,-15.95,0,0,0
"35",6453,"2018","01","04","3","Winter",-4.2,44.5,"No Holiday",1.4,18550,-15.15,0,0,0
"36",6967,"2018","01","05","4","Winter",-3.55,50.5,"No Holiday",1.5,14180,-12.55,0,0,0
"37",5180,"2018","01","06","5","Winter",-2.9,47,"No Holiday",1.4,15405,-13.25,0,0,0
"38",4714,"2018","01","07","6","Winter",0.8,39.5,"No Holiday",0.7,14205,-12.5,0,0,0
"39",5711,"2018","01","08","0","Winter",0.9,43,"No Holiday",1.25,12675,-10.15,0,0.9,45
"40",5500,"2018","01","09","1","Winter",-4.05,58.5,"No Holiday",3.2,15530,-11.6,0,0,108
"41",4161,"2018","01","10","2","Winter",-6.75,52,"No Holiday",2.85,20000,-15.5,0,0.8,102
"42",4017,"2018","01","11","3","Winter",-11,51,"No Holiday",2.65,18395,-19.55,0,0,0
"43",4111,"2018","01","12","4","Winter",-10.4,36.5,"No Holiday",1.7,20000,-23.5,0,0,0
"44",3503,"2018","01","13","5","Winter",-4.6,67,"No Holiday",0.8,9115,-9.25,0,0.4,22
"45",4225,"2018","01","14","6","Winter",0.35,62,"No Holiday",1.05,5435,-6.25,0,0,0
"46",6334,"2018","01","15","0","Winter",4.4,62.5,"No Holiday",1.45,5710,-2.2,0,0.2,0
"47",6705,"2018","01","16","1","Winter",3.9,59.5,"No Holiday",0.75,4285,-3.85,0,0,0
"48",6292,"2018","01","17","2","Winter",3.4,65.5,"No Holiday",0.95,3315,-1.8,0,0,0
"49",6383,"2018","01","18","3","Winter",2.35,72,"No Holiday",2,3035,-2.05,0,0,0
"50",7472,"2018","01","19","4","Winter",0.15,44.5,"No Holiday",1.55,15190,-11.15,0,0,0
"51",5576,"2018","01","20","5","Winter",1.8,60,"No Holiday",1.45,8830,-5.65,0,0,0
"52",4973,"2018","01","21","6","Winter",-0.3,32,"No Holiday",1.05,13365,-14.55,0,0,0
"53",4503,"2018","01","22","0","Winter",0,33,"No Holiday",0.9,15895,-13.5,0,3.3,62
"54",3981,"2018","01","23","1","Winter",-11.4,42,"No Holiday",3.75,20000,-22.6,0,0,233
"55",3154,"2018","01","24","2","Winter",-14.65,30,"No Holiday",3.45,20000,-27.9,0,0,197
"56",3113,"2018","01","25","3","Winter",-14.75,33,"No Holiday",2.75,20000,-26.7,0,0,142
"57",2931,"2018","01","26","4","Winter",-14.85,34,"No Holiday",2.5,18840,-27.65,0,0,103
"58",2693,"2018","01","27","5","Winter",-8.75,39,"No Holiday",1.25,18485,-22.35,0,0,44
"59",2828,"2018","01","28","6","Winter",-7.4,35,"No Holiday",2.45,19865,-19.65,0,0,0
"60",4088,"2018","01","29","0","Winter",-9.05,39,"No Holiday",2.9,19650,-20.35,0,0,0
"61",3360,"2018","01","30","1","Winter",-3.85,53,"No Holiday",1.15,18920,-17.3,0,2.9,194
"62",3830,"2018","01","31","2","Winter",-2.2,50.5,"No Holiday",1.6,18795,-12.2,0,0,648
"63",5377,"2018","02","01","3","Winter",-4.2,48.5,"No Holiday",1.55,19525,-15.25,0,0,217
"64",5954,"2018","02","02","4","Winter",-2.5,55,"No Holiday",1.5,16765,-12.8,0,0,0
"65",3290,"2018","02","03","5","Winter",-6.45,44,"No Holiday",4,19765,-18.65,0,0.5,22
"66",2487,"2018","02","04","6","Winter",-10,44,"No Holiday",3.25,19875,-20.5,0,0,0
"67",3932,"2018","02","05","0","Winter",-10.05,39,"No Holiday",3.45,20000,-22.1,0,0,0
"68",3988,"2018","02","06","1","Winter",-10.75,36,"No Holiday",3.25,19885,-23.1,0,0,0
"69",4697,"2018","02","07","2","Winter",-7.3,47,"No Holiday",1.6,18645,-20.9,0,0,0
"70",5613,"2018","02","08","3","Winter",-4.1,43,"No Holiday",1.15,16810,-15.2,0,0,0
"71",6268,"2018","02","09","4","Winter",0.7,40.5,"No Holiday",0.9,12190,-14.5,0,0,0
"72",4425,"2018","02","10","5","Winter",1.6,57.5,"No Holiday",2.85,5870,-4.8,0,0,0
"73",2850,"2018","02","11","6","Winter",-6.35,37,"No Holiday",2.7,19855,-18,0,0,0
"74",4813,"2018","02","12","0","Winter",-5.5,35.5,"No Holiday",2.75,19930,-17.45,0,0,0
"75",6267,"2018","02","13","1","Winter",0.35,57,"No Holiday",3.1,19795,-11.15,0,0,0
"76",6771,"2018","02","14","2","Winter",2.45,64.5,"No Holiday",2.55,14780,-4.3,0,0,0
"77",3484,"2018","02","15","3","Winter",-1.1,30,"Holiday",2.45,20000,-17.25,0,0,0
"78",2593,"2018","02","16","4","Winter",-0.95,38,"Holiday",1.85,19510,-16,0,0,0
"79",3118,"2018","02","17","5","Winter",-2.75,29,"Holiday",2.5,20000,-20.8,0,0,0
"80",4562,"2018","02","18","6","Winter",-0.5,29,"No Holiday",1.15,20000,-18.8,0,0,0
"81",7604,"2018","02","19","0","Winter",1.4,43.5,"No Holiday",1.55,11240,-8.05,0,0,0
"82",7955,"2018","02","20","1","Winter",0.8,30.5,"No Holiday",2.6,15250,-13.45,0,0,0
"83",7491,"2018","02","21","2","Winter",-1.7,31,"No Holiday",2.2,19975,-17.7,0,0,0
"84",7712,"2018","02","22","3","Winter",2.8,57.5,"No Holiday",2,14230,-6.9,0,0,0
"85",5797,"2018","02","23","4","Winter",4.55,80.5,"No Holiday",2.05,2420,0.25,0,4.1,447
"86",6356,"2018","02","24","5","Winter",2.45,44.5,"No Holiday",2.6,6855,-8.25,0.005,0,0
"87",6500,"2018","02","25","6","Winter",0.1,42.5,"No Holiday",1.8,16965,-11.7,0.005,0,0
"88",9247,"2018","02","26","0","Winter",2.75,39.5,"No Holiday",1.1,13085,-8.85,0.005,0,0
"89",8862,"2018","02","27","1","Winter",5.05,46.5,"No Holiday",0.8,8420,-6.95,0,0,0
"90",3820,"2018","02","28","2","Winter",5.2,59,"No Holiday",2.05,5260,-1.85,0,23,0
"91",5132,"2018","03","01","3","Spring",1.3,52,"Holiday",3.7,12590,-9.05,0.005,2.5,0
"92",8433,"2018","03","02","4","Spring",0.2,34.5,"No Holiday",1.6,16145,-15.25,0.01,0,0
"93",12191,"2018","03","03","5","Spring",8.75,34.5,"No Holiday",1.6,18305,-11.55,0.005,0,0
"94",4688,"2018","03","04","6","Spring",9.7,89.5,"No Holiday",1.15,3965,8.1,0,2.5,0
"95",8597,"2018","03","05","0","Spring",5.75,64.5,"No Holiday",1.95,20000,0.05,0.01,12.5,0
"96",12003,"2018","03","06","1","Spring",4.1,42.5,"No Holiday",1.3,18780,-6.2,0.01,0,0
"97",11170,"2018","03","07","2","Spring",6.6,48,"No Holiday",1.7,19625,-3.7,0,0,0
"98",7711,"2018","03","08","3","Spring",4,78,"No Holiday",2.05,6295,1.25,0.005,4.5,0
"99",11642,"2018","03","09","4","Spring",3.5,67,"No Holiday",1.3,10535,-2.05,0.01,0,0
"100",11064,"2018","03","10","5","Spring",5,72,"No Holiday",2,9295,-2,0.01,0,0
"101",11843,"2018","03","11","6","Spring",5.5,47,"No Holiday",1.9,6550,-2.4,0.02,0,0
"102",13339,"2018","03","12","0","Spring",7.3,46.5,"No Holiday",1.05,7910,-4.6,0.015,0,0
"103",15963,"2018","03","13","1","Spring",13,58.5,"No Holiday",1.45,9455,3.05,0.02,0,0
"104",19180,"2018","03","14","2","Spring",16.15,64.5,"No Holiday",2.15,18430,8.4,0.02,0,0
"105",6227,"2018","03","15","3","Spring",13.6,97,"No Holiday",2,4220,10.9,0,27,0
"106",15277,"2018","03","16","4","Spring",6.7,46,"No Holiday",1.95,20000,-3.8,0.03,0,0
"107",15389,"2018","03","17","5","Spring",6.7,50.5,"No Holiday",1.35,17775,-5.35,0.03,0,0
"108",9609,"2018","03","18","6","Spring",7.75,54.5,"No Holiday",1.15,8365,-1.7,0.005,0,0
"109",8968,"2018","03","19","0","Spring",8.1,64,"No Holiday",2.7,16005,3.4,0.005,1.5,0
"110",11515,"2018","03","20","1","Spring",4.8,42,"No Holiday",3.4,20000,-6.9,0.02,0,0
"111",7384,"2018","03","21","2","Spring",1.65,47,"No Holiday",1.85,20000,-6.95,0,1,0
"112",14007,"2018","03","22","3","Spring",4.2,64,"No Holiday",2,10990,-2.25,0.045,0,0
"113",14969,"2018","03","23","4","Spring",5.35,61.5,"No Holiday",1.7,7455,-1.5,0.035,0,0
"114",12243,"2018","03","24","5","Spring",6.6,54,"No Holiday",2.3,4015,0.85,0.03,0,0
"115",10963,"2018","03","25","6","Spring",8.6,73.5,"No Holiday",1.6,2185,2.25,0.05,0,0
"116",13084,"2018","03","26","0","Spring",10.35,61,"No Holiday",1.9,3145,4.55,0.05,0,0
"117",14710,"2018","03","27","1","Spring",13.15,64.5,"No Holiday",1.4,4635,4.4,0.045,0,0
"118",17295,"2018","03","28","2","Spring",13.9,68,"No Holiday",1.95,6640,7.25,0.05,0,0
"119",17450,"2018","03","29","3","Spring",13.95,70,"No Holiday",1.8,5465,9.15,0.06,0,0
"120",19301,"2018","03","30","4","Spring",13.7,61,"No Holiday",1.55,8155,5,0.065,0,0
"121",19247,"2018","03","31","5","Spring",13.05,52.5,"No Holiday",1.65,11530,4.2,0.06,0,0
"122",17388,"2018","04","01","6","Spring",16.5,69,"No Holiday",1.8,8425,7.9,0.015,0,0
"123",21585,"2018","04","02","0","Spring",17.45,66,"No Holiday",1.7,11765,11.05,0.055,0,0
"124",21015,"2018","04","03","1","Spring",17.3,71.5,"No Holiday",2,12845,12.15,0.015,0,0
"125",19995,"2018","04","04","2","Spring",14.2,61.5,"No Holiday",1.95,20000,6.15,0.08,18.6,0
"126",2596,"2018","04","05","3","Spring",7.6,94.5,"No Holiday",1.95,9045,6.5,0,10,0
"127",11520,"2018","04","06","4","Spring",6.65,72,"No Holiday",3.2,7620,2.35,0.095,7,0
"128",11159,"2018","04","07","5","Spring",3.65,42,"No Holiday",3.95,19205,-6.95,0.135,0.2,0
"129",6666,"2018","04","08","6","Spring",2.9,51,"No Holiday",1.75,19970,-6.95,0.035,3,0
"130",19082,"2018","04","09","0","Spring",8.55,49,"No Holiday",0.95,11240,-1.25,0.1,0,0
"131",16696,"2018","04","10","1","Spring",15.5,45,"No Holiday",2.85,16220,1.8,0.055,5,0
"132",22729,"2018","04","12","3","Spring",13.45,28.5,"No Holiday",2.35,19750,-2.9,0.19,0,0
"133",23240,"2018","04","13","4","Spring",15.95,22,"No Holiday",1.35,20000,-7.95,0.085,0,0
"134",6980,"2018","04","14","5","Spring",8.9,79.5,"No Holiday",1.65,14470,5.6,0.015,9,0
"135",10207,"2018","04","15","6","Spring",9.3,65.5,"No Holiday",2.15,13245,3.4,0.17,0,0
"136",23198,"2018","04","16","0","Spring",10.95,34.5,"No Holiday",1.35,18735,-1.65,0.22,0,0
"137",22234,"2018","04","17","1","Spring",11.85,31,"No Holiday",1.15,16110,-1.85,0.215,0,0
"138",21670,"2018","04","18","2","Spring",11.7,40,"No Holiday",1.9,14660,-2.95,0.2,0,0
"139",17730,"2018","04","19","3","Spring",13.8,38.5,"No Holiday",1.7,11730,-1.05,0.175,0,0
"140",22593,"2018","04","20","4","Spring",18.2,46.5,"No Holiday",1.25,8075,5.1,0.195,0,0
"141",24404,"2018","04","21","5","Spring",17.95,26,"No Holiday",1.5,14365,-1.25,0.28,0,0
"142",6852,"2018","04","22","6","Spring",15.9,44,"No Holiday",0.9,18975,5.55,0.065,13.5,0
"143",977,"2018","04","23","0","Spring",9.4,95,"No Holiday",2.25,5045,8.5,0.015,61,0
"144",20144,"2018","04","24","1","Spring",11.75,59.5,"No Holiday",1.35,20000,6.75,0.08,3,0
"145",26285,"2018","04","25","2","Spring",15,35,"No Holiday",1.1,19670,-0.55,0.28,0,0
"146",25670,"2018","04","26","3","Spring",13.7,52,"No Holiday",2.2,13105,4.35,0.255,0,0
"147",25861,"2018","04","27","4","Spring",15,55,"No Holiday",1.5,9795,4.75,0.23,0,0
"148",24940,"2018","04","28","5","Spring",14.5,45.5,"No Holiday",1.75,13900,3,0.3,0,0
"149",25349,"2018","04","29","6","Spring",15.85,42.5,"No Holiday",1.7,12300,2.45,0.205,0,0
"150",25462,"2018","04","30","0","Spring",18.75,60.5,"No Holiday",1.4,4935,11.05,0.155,0,0
"151",26820,"2018","05","01","1","Spring",20.4,72.5,"Holiday",1.1,4790,15.2,0.135,0,0
"152",7448,"2018","05","02","2","Spring",17.45,90.5,"No Holiday",1.1,3440,15.3,0,12,0
"153",21027,"2018","05","03","3","Spring",12.05,59.5,"No Holiday",2.7,19185,4.15,0.38,1,0
"154",26670,"2018","05","04","4","Spring",13.7,46,"No Holiday",2.3,18485,1.45,0.33,0,0
"155",25353,"2018","05","05","5","Spring",19.1,51,"No Holiday",2.8,18585,4.6,0.285,0,0
"156",14556,"2018","05","06","6","Spring",16.4,84,"No Holiday",1,14910,14.35,0.055,22,0
"157",28140,"2018","05","07","0","Spring",18.05,66.5,"No Holiday",1,18465,11.45,0.22,0,0
"158",26429,"2018","05","08","1","Spring",16.65,50,"No Holiday",1.7,20000,8.1,0.36,0,0
"159",28895,"2018","05","09","2","Spring",16,53,"No Holiday",1.45,20000,4.1,0.38,0,0
"160",26649,"2018","05","11","4","Spring",16.3,55,"No Holiday",1.5,5015,9.2,0.08,0,0
"161",3034,"2018","05","12","5","Spring",14.7,96.5,"No Holiday",0.9,3115,11.55,0.015,31.5,0
"162",25913,"2018","05","13","6","Spring",15.15,87.5,"No Holiday",1.65,8305,12.65,0.18,1,0
"163",27793,"2018","05","14","0","Spring",18.65,69,"No Holiday",1.4,3495,11.8,0.27,0,0
"164",28478,"2018","05","15","1","Spring",24.8,54.5,"No Holiday",0.9,8370,12.55,0.23,0,0
"165",6416,"2018","05","16","2","Spring",22.05,95,"No Holiday",1.6,3345,21.2,0.005,44.5,0
"166",3521,"2018","05","17","3","Spring",21.5,97,"No Holiday",1,3865,20.15,0,82.5,0
"167",16087,"2018","05","18","4","Spring",16.7,96,"No Holiday",1.5,6160,15.85,0.065,7.5,0
"168",30994,"2018","05","19","5","Spring",17.8,40.5,"No Holiday",1.4,20000,5.95,0.485,0,0
"169",27829,"2018","05","20","6","Spring",16.9,32,"No Holiday",1.3,20000,0.35,0.43,0,0
"170",31236,"2018","05","21","0","Spring",17.7,31,"No Holiday",1.3,20000,2.5,0.385,0,0
"171",13790,"2018","05","22","1","Spring",17.4,70,"Holiday",1.05,13560,12.25,0.095,9,0
"172",27674,"2018","05","23","2","Spring",15.9,59.5,"No Holiday",3,19310,8.45,0.48,10,0
"173",28781,"2018","05","24","3","Spring",18.95,48,"No Holiday",2,15985,6,0.415,0,0
"174",29057,"2018","05","25","4","Spring",19.3,47.5,"No Holiday",1.7,13860,8.05,0.445,0,0
"175",28079,"2018","05","26","5","Spring",21.45,51,"No Holiday",1.1,11455,9.35,0.445,0,0
"176",28991,"2018","05","27","6","Spring",19.95,39.5,"No Holiday",1.8,17155,8.1,0.305,0,0
"177",31020,"2018","05","28","0","Spring",21.75,45,"No Holiday",1.1,17825,10.9,0.405,0,0
"178",24355,"2018","05","29","1","Spring",20.55,64,"No Holiday",1.8,11600,15.4,0.19,1,0
"179",30372,"2018","05","30","2","Spring",19.2,73.5,"No Holiday",1.7,7215,15.55,0.175,0,0
"180",31681,"2018","05","31","3","Spring",20.95,59,"No Holiday",1.85,12110,12.25,0.49,0,0
"181",31928,"2018","06","01","4","Summer",23.3,44.5,"No Holiday",1.65,17820,12,0.505,0,0
"182",30693,"2018","06","02","5","Summer",22.7,43.5,"No Holiday",1.75,17660,9.9,0.505,0,0
"183",29761,"2018","06","03","6","Summer",23.6,36,"No Holiday",1.6,18780,8.35,0.505,0,0
"184",33257,"2018","06","04","0","Summer",22.95,46.5,"No Holiday",1.6,17950,10.2,0.29,0,0
"185",33424,"2018","06","05","1","Summer",23.4,51,"No Holiday",1.5,13580,12.65,0.445,0,0
"186",30498,"2018","06","06","2","Summer",22.5,59.5,"Holiday",2.2,9360,15.25,0.485,0,0
"187",32002,"2018","06","07","3","Summer",21.2,70,"No Holiday",1.9,6185,16,0.27,0,0
"188",35103,"2018","06","08","4","Summer",21.2,70,"No Holiday",2,11250,15.25,0.38,0,0
"189",25911,"2018","06","09","5","Summer",23.05,62,"No Holiday",1.4,14245,14.55,0.12,0.5,0
"190",29342,"2018","06","10","6","Summer",21.1,56,"No Holiday",1.35,20000,13,0.08,0.5,0
"191",24832,"2018","06","11","0","Summer",19.8,60,"No Holiday",1.3,20000,12.05,0.095,4,0
"192",34544,"2018","06","12","1","Summer",20.85,64.5,"No Holiday",1.15,19965,14.1,0.54,1,0
"193",36149,"2018","06","13","2","Summer",21.95,64.5,"No Holiday",1.4,14410,14.3,0.435,0,0
"194",23818,"2018","06","14","3","Summer",21.15,72,"No Holiday",1,9210,16.2,0.035,29,0
"195",33492,"2018","06","15","4","Summer",21.2,55.5,"No Holiday",1.4,20000,13.3,0.575,16.5,0
"196",34360,"2018","06","16","5","Summer",22.45,57,"No Holiday",1.45,19485,10.9,0.52,0,0
"197",32487,"2018","06","17","6","Summer",22.6,66.5,"No Holiday",1.15,7875,16.2,0.405,0,0
"198",27541,"2018","06","18","0","Summer",24.25,54.5,"No Holiday",1.35,9415,15.2,0.465,0,0
"199",35349,"2018","06","19","1","Summer",22,62.5,"No Holiday",1.6,11965,14.45,0.3,0,0
"200",34639,"2018","06","20","2","Summer",21.35,72,"No Holiday",2.7,8265,16.05,0.36,0,0
"201",34621,"2018","06","21","3","Summer",23.3,59,"No Holiday",2.1,10095,14.95,0.415,0,0
"202",34079,"2018","06","22","4","Summer",24.2,34,"No Holiday",1.4,16925,10.45,0.49,0,0
"203",31949,"2018","06","23","5","Summer",24.05,45,"No Holiday",2,18450,9.65,0.29,0,0
"204",27028,"2018","06","24","6","Summer",24.2,69.5,"No Holiday",1.9,6895,17.05,0.305,0,0
"205",32702,"2018","06","25","0","Summer",27.3,55,"No Holiday",0.95,9295,17.25,0.345,0,0
"206",5200,"2018","06","26","1","Summer",22.9,94,"No Holiday",1.45,3500,19.85,0.03,71.5,0
"207",29755,"2018","06","27","2","Summer",22.5,80,"No Holiday",1.9,6170,18.9,0.15,1,0
"208",21647,"2018","06","28","3","Summer",22.35,84,"No Holiday",0.95,9135,20.2,0.125,26.5,0
"209",30297,"2018","06","29","4","Summer",24.3,78,"No Holiday",1.55,5775,20.4,0.19,6.5,0
"210",20479,"2018","06","30","5","Summer",24.05,85,"No Holiday",0.75,3825,20.85,0.09,14.5,0
"211",3231,"2018","07","01","6","Summer",22.1,96,"No Holiday",0.7,7825,20.9,0.045,81,0
"212",5240,"2018","07","02","0","Summer",22.05,97,"No Holiday",0.6,9055,21.45,0.075,61.5,0
"213",29293,"2018","07","03","1","Summer",27.25,74,"No Holiday",0.7,19450,22.1,0.455,0.6,0
"214",31781,"2018","07","04","2","Summer",26.75,67.5,"No Holiday",1.85,19225,21.3,0.415,0,0
"215",28182,"2018","07","05","3","Summer",24.8,73,"No Holiday",1.1,13525,20.5,0.15,0.5,0
"216",33676,"2018","07","06","4","Summer",23.4,58,"No Holiday",1.9,20000,15.6,0.29,0,0
"217",31076,"2018","07","07","5","Summer",23,51,"No Holiday",1.6,20000,12.65,0.37,0,0
"218",30080,"2018","07","08","6","Summer",24.2,51.5,"No Holiday",1.45,20000,11.65,0.3,0,0
"219",6191,"2018","07","09","0","Summer",20.65,82.5,"No Holiday",1,19055,17.55,0.12,8.5,0
"220",20641,"2018","07","10","1","Summer",23.65,86,"No Holiday",0.55,19130,20.3,0.11,21.5,0
"221",24135,"2018","07","11","2","Summer",27,80.5,"No Holiday",0.95,12095,23.65,0.1,3.5,0
"222",29428,"2018","07","12","3","Summer",26.65,80.5,"No Holiday",1.55,13990,23.1,0.265,1,0
"223",30088,"2018","07","13","4","Summer",26.95,78,"No Holiday",2,16720,22.25,0.25,0,0
"224",25814,"2018","07","14","5","Summer",27.7,69,"No Holiday",2,16030,21.65,0.465,0,0
"225",22790,"2018","07","15","6","Summer",27.8,73,"No Holiday",1.65,15925,21.75,0.405,0,0
"226",26823,"2018","07","16","0","Summer",28,64,"No Holiday",1.6,17900,20.4,0.465,0,0
"227",28435,"2018","07","17","1","Summer",27.7,66.5,"No Holiday",1.65,14030,20.7,0.465,0,0
"228",27896,"2018","07","18","2","Summer",27.6,67.5,"No Holiday",1.5,9445,20.6,0.47,0,0
"229",27820,"2018","07","19","3","Summer",28.4,63.5,"No Holiday",1.75,15490,20.65,0.46,0,0
"230",26699,"2018","07","20","4","Summer",29.3,62,"No Holiday",1.35,12300,21.1,0.465,0,0
"231",21283,"2018","07","21","5","Summer",29.9,54.5,"No Holiday",1.35,16595,19.9,0.465,0,0
"232",18563,"2018","07","22","6","Summer",31.95,50.5,"No Holiday",1.45,18705,19.4,0.38,0,0
"233",24890,"2018","07","23","0","Summer",30.9,52.5,"No Holiday",1.8,19265,20.7,0.34,0,0
"234",24635,"2018","07","24","1","Summer",30.65,60,"No Holiday",1.35,16880,22,0.38,0,0
"235",25918,"2018","07","25","2","Summer",29.55,66.5,"No Holiday",2.5,14490,22.75,0.165,0,0
"236",24915,"2018","07","26","3","Summer",29.45,70.5,"No Holiday",1.3,10625,23.35,0.22,0,0
"237",23275,"2018","07","27","4","Summer",30.1,73.5,"No Holiday",1.7,9595,24.35,0.325,0,0
"238",16880,"2018","07","28","5","Summer",29.05,78.5,"No Holiday",1.15,9630,25,0.125,7.5,0
"239",18190,"2018","07","29","6","Summer",30.85,47.5,"No Holiday",1.35,19610,20.25,0.435,0,0
"240",23695,"2018","07","30","0","Summer",32.25,50,"No Holiday",1.2,20000,20,0.35,0,0
"241",22897,"2018","07","31","1","Summer",32.15,50.5,"No Holiday",1.2,20000,19.95,0.35,0,0
"242",20712,"2018","08","01","2","Summer",32.95,60.5,"No Holiday",1.45,19080,22.35,0.37,0,0
"243",20693,"2018","08","02","3","Summer",33.1,52.5,"No Holiday",1.55,17680,22.35,0.33,0,0
"244",20794,"2018","08","03","4","Summer",32.15,56.5,"No Holiday",1.65,16290,22.85,0.285,0,0
"245",18363,"2018","08","04","5","Summer",30.2,58.5,"No Holiday",2.3,18110,22,0.36,0,0
"246",17415,"2018","08","05","6","Summer",29.2,76.5,"No Holiday",2.7,15215,24.3,0.115,2,0
"247",19171,"2018","08","06","0","Summer",29.95,74,"No Holiday",1.45,12920,24.8,0.095,6.5,0
"248",23806,"2018","08","07","1","Summer",29.95,65.5,"No Holiday",1.05,19905,22.15,0.315,0,0
"249",23880,"2018","08","08","2","Summer",29.95,68.5,"No Holiday",2.05,16940,23.8,0.28,0,0
"250",21644,"2018","08","09","3","Summer",28.55,79.5,"No Holiday",1.65,15670,24.35,0.14,2,0
"251",23833,"2018","08","10","4","Summer",30.7,56.5,"No Holiday",1.05,20000,21.2,0.24,0,0
"252",20009,"2018","08","11","5","Summer",31.3,54.5,"No Holiday",1.5,20000,20.5,0.215,0,0
"253",17498,"2018","08","12","6","Summer",29.55,57,"No Holiday",1.55,20000,20.55,0.135,5,0
"254",22827,"2018","08","13","0","Summer",30.15,65,"No Holiday",1.2,14320,23.5,0.235,1,0
"255",23836,"2018","08","14","1","Summer",31.15,59,"No Holiday",1.35,20000,22.2,0.23,0,0
"256",18565,"2018","08","15","2","Summer",29.75,67,"Holiday",1,19505,22.25,0.14,1,0
"257",25329,"2018","08","16","3","Summer",28.3,47.5,"No Holiday",1.95,20000,20.4,0.25,0,0
"258",28820,"2018","08","17","4","Summer",26.5,41.5,"No Holiday",1.8,20000,11.5,0.285,0,0
"259",26398,"2018","08","18","5","Summer",26.55,46.5,"No Holiday",1.3,20000,13.1,0.23,0,0
"260",24547,"2018","08","19","6","Summer",27.6,56,"No Holiday",0.95,20000,15.6,0.165,0,0
"261",26827,"2018","08","20","0","Summer",29.15,57.5,"No Holiday",1.9,18655,18.9,0.11,0,0
"262",25133,"2018","08","21","1","Summer",26.8,69.5,"No Holiday",2.6,18935,20.75,0.145,5,0
"263",26072,"2018","08","22","2","Summer",31.65,50.5,"No Holiday",1,19920,19.9,0.205,0,0
"264",15958,"2018","08","23","3","Summer",29.85,55,"No Holiday",1.75,20000,20,0.02,2.5,0
"265",11658,"2018","08","24","4","Summer",24.55,85,"No Holiday",2.45,19925,22,0.045,8,0
"266",27302,"2018","08","25","5","Summer",24.35,71.5,"No Holiday",2.4,19235,18.75,0.175,0,0
"267",19310,"2018","08","26","6","Summer",22.6,69,"No Holiday",1.05,19875,17.4,0.095,2,0
"268",14435,"2018","08","27","0","Summer",22.3,89.5,"No Holiday",0.8,12010,21.2,0.06,19.5,0
"269",9092,"2018","08","28","1","Summer",23.45,95.5,"No Holiday",0.75,17310,22.1,0.005,95.5,0
"270",9184,"2018","08","29","2","Summer",24.6,86.5,"No Holiday",2.85,19655,22.2,0,43,0
"271",20959,"2018","08","30","3","Summer",24.9,77.5,"No Holiday",1.85,10520,22.2,0.02,9.5,0
"272",27817,"2018","08","31","4","Summer",24.3,74.5,"No Holiday",1.65,18475,19.4,0.095,0.1,0
"273",26010,"2018","09","01","5","Autumn",25.55,53.5,"No Holiday",1.3,19830,15.95,0.11,0,0
"274",26881,"2018","09","02","6","Autumn",25.4,56,"No Holiday",1.45,20000,14.25,0.105,0,0
"275",10802,"2018","09","03","0","Autumn",23.9,82,"No Holiday",0.9,19055,20.95,0.015,34.5,0
"276",29529,"2018","09","04","1","Autumn",22.55,62,"No Holiday",2.65,20000,17.35,0.105,0,0
"277",31114,"2018","09","05","2","Autumn",23.75,64,"No Holiday",2.15,20000,15.05,0.14,0,0
"278",27838,"2018","09","06","3","Autumn",24.45,71,"No Holiday",2.3,16175,18.55,0.07,0,0
"279",30381,"2018","09","07","4","Autumn",21.45,51,"No Holiday",2.55,19755,13.15,0.105,1.5,0
"280",29813,"2018","09","08","5","Autumn",21.8,50,"No Holiday",1.6,20000,9.9,0.105,0,0
"281",28354,"2018","09","09","6","Autumn",22,54,"No Holiday",1.2,20000,9.9,0.045,0,0
"282",30781,"2018","09","10","0","Autumn",22.4,49,"No Holiday",1.6,20000,11.7,0.07,0,0
"283",31694,"2018","09","11","1","Autumn",21.75,49.5,"No Holiday",1.4,20000,9.9,0.05,0,0
"284",31809,"2018","09","12","2","Autumn",22.65,55,"No Holiday",1.3,20000,12.35,0.065,0,0
"285",30991,"2018","09","13","3","Autumn",22.75,63,"No Holiday",1.3,20000,15.5,0.03,0,0
"286",28199,"2018","09","14","4","Autumn",23.65,67,"No Holiday",1.25,20000,16.6,0.05,0.5,0
"287",25079,"2018","09","15","5","Autumn",23.2,78,"No Holiday",0.95,20000,18.5,0.025,0.2,0
"288",14178,"2018","09","16","6","Autumn",22.4,86.5,"No Holiday",1.7,5590,19.55,0.015,2,0
"289",30290,"2018","09","17","0","Autumn",21.15,65.5,"No Holiday",1.9,17105,14.65,0.055,0.1,0
"290",14282,"2018","09","20","3","Autumn",19.05,79.5,"No Holiday",1.7,17495,15.35,0,5,0
"291",18266,"2018","09","21","4","Autumn",19.1,82,"No Holiday",1.35,20000,16.9,0.01,18,0
"292",26398,"2018","09","22","5","Autumn",19.6,64,"No Holiday",1.25,18890,12.25,0.03,6.5,0
"293",20060,"2018","09","23","6","Autumn",18.8,55.5,"Holiday",1.2,20000,10.25,0.005,0,0
"294",17259,"2018","09","24","0","Autumn",17.1,50.5,"Holiday",2.15,20000,5.5,0.015,0,0
"295",23350,"2018","09","25","1","Autumn",17.85,48.5,"Holiday",1,20000,5.9,0.015,0,0
"296",28018,"2018","09","26","2","Autumn",18.5,46,"No Holiday",1.75,20000,7.9,0.015,0,0
"297",30789,"2018","09","27","3","Autumn",18.3,48,"No Holiday",1.35,20000,6.75,0.015,0,0
"298",31447,"2018","09","29","5","Autumn",19.7,54.5,"No Holiday",1,20000,10.45,0.01,0,0
"299",27909,"2018","10","01","0","Autumn",14.75,56,"No Holiday",2.75,20000,5.15,0.015,0,0
"300",30349,"2018","10","03","2","Autumn",17.1,60,"Holiday",1.2,19720,8.7,0.01,0,0
"301",4522,"2018","10","05","4","Autumn",16.9,89.5,"No Holiday",1.75,12865,14.5,0,35.5,0
"302",16037,"2018","10","06","5","Autumn",17.25,89,"No Holiday",2.3,19995,15.05,0,56.5,0
"303",27614,"2018","10","07","6","Autumn",16.1,51,"No Holiday",1.6,19990,8.1,0.015,0,0
"304",29362,"2018","10","08","0","Autumn",14.7,46.5,"No Holiday",1.05,20000,3,0.005,0,0
"305",24410,"2018","10","10","2","Autumn",12.9,52.5,"No Holiday",2.75,19995,2.15,0,7,0
"306",24526,"2018","10","11","3","Autumn",9.05,50.5,"No Holiday",1.8,20000,-0.95,0.005,0,0
"307",26237,"2018","10","12","4","Autumn",10.75,56.5,"No Holiday",1.2,19975,0.9,0.005,0,0
"308",25542,"2018","10","13","5","Autumn",12.15,56,"No Holiday",1.1,13485,3.3,0.005,0,0
"309",24349,"2018","10","14","6","Autumn",13.4,60.5,"No Holiday",1.15,11240,3.6,0.005,0,0
"310",26198,"2018","10","15","0","Autumn",14.45,75.5,"No Holiday",1.45,8100,8.8,0,0,0
"311",26956,"2018","10","16","1","Autumn",13.95,63,"No Holiday",1.15,14465,4.7,0,0,0
"312",26502,"2018","10","17","2","Autumn",11.85,54.5,"No Holiday",1.15,18220,1.4,0,0,0
"313",26504,"2018","10","18","3","Autumn",12.1,60,"No Holiday",1,20000,4.45,0,0,0
"314",27437,"2018","10","19","4","Autumn",12.8,56,"No Holiday",1.5,20000,3,0,0,0
"315",25355,"2018","10","20","5","Autumn",12.85,56.5,"No Holiday",1.15,17480,3.6,0,0,0
"316",23906,"2018","10","21","6","Autumn",12.6,54,"No Holiday",1.15,16275,2.95,0,0,0
"317",26075,"2018","10","22","0","Autumn",13.05,53.5,"No Holiday",0.85,9645,2.95,0,0,0
"318",21601,"2018","10","23","1","Autumn",12,70.5,"No Holiday",0.95,8500,7.45,0,5,0
"319",26418,"2018","10","24","2","Autumn",11.85,69,"No Holiday",1.15,14225,6.15,0,0,0
"320",27258,"2018","10","25","3","Autumn",13.5,54.5,"No Holiday",1,16450,4.35,0,0,0
"321",13377,"2018","10","26","4","Autumn",12.6,71,"No Holiday",1.2,16180,6.4,0,11,0
"322",18398,"2018","10","27","5","Autumn",9,50,"No Holiday",3.35,20000,-2.1,0,0,0
"323",11589,"2018","10","28","6","Autumn",7.45,75,"No Holiday",1.2,20000,5.2,0,5.5,0
"324",19877,"2018","10","29","0","Autumn",6.25,58,"No Holiday",2,20000,-0.35,0,0,0
"325",20822,"2018","10","30","1","Autumn",7.55,52,"No Holiday",1.5,20000,-4.65,0,0,0
"326",21545,"2018","10","31","2","Autumn",7.15,58.5,"No Holiday",1.8,19970,-0.9,0,0,0
"327",22964,"2018","11","01","3","Autumn",8.2,57,"No Holiday",1.25,18905,-1.25,0,0,0
"328",24077,"2018","11","02","4","Autumn",10,56,"No Holiday",1.2,14255,0.85,0,0,0
"329",20471,"2018","11","04","6","Autumn",11.15,60,"No Holiday",1.2,12555,1.7,0,0,0
"330",23472,"2018","11","05","0","Autumn",11.7,75,"No Holiday",1.1,6595,5.1,0,0,0
"331",16525,"2018","11","07","2","Autumn",12.65,77,"No Holiday",1.15,5480,9.35,0,2,0
"332",1721,"2018","11","08","3","Autumn",11.5,95,"No Holiday",1.8,6900,10.35,0,46,0
"333",18473,"2018","11","10","5","Autumn",11.25,77,"No Holiday",1.2,3915,6.95,0,0,0
"334",13138,"2018","11","11","6","Autumn",8.45,69,"No Holiday",0.8,3670,3.5,0,0,0
"335",21003,"2018","11","12","0","Autumn",7.95,52.5,"No Holiday",1.2,18155,-1.3,0,0,0
"336",21992,"2018","11","13","1","Autumn",8.3,49.5,"No Holiday",0.85,15935,-0.55,0,0,0
"337",22707,"2018","11","14","2","Autumn",9.2,53.5,"No Holiday",0.85,13645,0.95,0,0,0
"338",21502,"2018","11","15","3","Autumn",8.65,55,"No Holiday",1.05,9610,0.45,0,0,0
"339",20660,"2018","11","16","4","Autumn",7.8,64,"No Holiday",1.25,7025,1.05,0,0,0
"340",15689,"2018","11","17","5","Autumn",4.55,45,"No Holiday",1.35,16765,-5.5,0,0,0
"341",14319,"2018","11","18","6","Autumn",6.9,49,"No Holiday",0.9,17135,-5.2,0,0,0
"342",18956,"2018","11","19","0","Autumn",5.95,51.5,"No Holiday",1.05,10415,-1.55,0,0,0
"343",19127,"2018","11","20","1","Autumn",8,38.5,"No Holiday",1.6,18525,-8.45,0,0,0
"344",15732,"2018","11","21","2","Autumn",6.5,53,"No Holiday",0.85,18770,-2.6,0,1.2,0
"345",16496,"2018","11","22","3","Autumn",2.55,38,"No Holiday",2.55,20000,-11.7,0,0,0
"346",16314,"2018","11","23","4","Autumn",2.05,29,"No Holiday",1.3,20000,-14.4,0,0,0
"347",6477,"2018","11","24","5","Autumn",2.6,84.5,"No Holiday",1.7,10460,0,0,10.9,787
"348",11212,"2018","11","25","6","Autumn",4.1,81.5,"No Holiday",0.95,4295,0.75,0,0,414
"349",17162,"2018","11","26","0","Autumn",5.8,70.5,"No Holiday",1.1,4675,1,0,0,29
"350",16282,"2018","11","27","1","Autumn",6.5,73,"No Holiday",1.2,3725,1.35,0,0,0
"351",16524,"2018","11","28","2","Autumn",4.6,26,"No Holiday",1.6,14640,-12.95,0,0,0
"352",16423,"2018","11","29","3","Autumn",2.8,35.5,"No Holiday",1,15440,-11.3,0,0,0
"353",16297,"2018","11","30","4","Autumn",2,43,"No Holiday",1.3,14100,-7.8,0,0,0
